{"nh":100,"ns":2,"na":3,"net":{"W1":{"n":100,"d":2,"w":{"0":1.7686691385077302,"1":-1.3509743826589413,"2":0.8972628411656992,"3":-0.6093894394701163,"4":-0.8325602874527979,"5":0.585832651689498,"6":-0.5111710490978799,"7":0.2705440163770432,"8":0.3392425244918458,"9":-0.18299261365387828,"10":-0.9247288118352122,"11":0.6667302831270634,"12":-1.1311068204247023,"13":0.8480268639121588,"14":0.9685692675064557,"15":-0.7113545938837821,"16":0.6577310416826124,"17":-0.44963138786714524,"18":2.8926674037231432,"19":-3.560351174848016,"20":0.7175313968757325,"21":-0.49163006628777417,"22":-1.6079253725474614,"23":1.2621907999340276,"24":0.9448919922413718,"25":-0.6911467873431919,"26":-0.7680260384296174,"27":0.47394229184612663,"28":-0.2698880532723172,"29":0.09374398079700605,"30":-0.6813777654958622,"31":0.4768506642775065,"32":1.2826022524405671,"33":-0.9768296822138121,"34":-0.9267451488597443,"35":0.6722714972888205,"36":1.3125379516732443,"37":-1.009127251370418,"38":0.646597334322368,"39":-0.4417090973083799,"40":-0.8311577744557481,"41":0.5891038743436822,"42":0.8971126495755443,"43":-0.6438268483564502,"44":0.7506930698054692,"45":-0.5343139478119953,"46":0.8491899551326071,"47":-0.6081255113122203,"48":-0.18478357251409402,"49":-0.18898215815456224,"50":0.4725688672142496,"51":-0.27218278382221167,"52":0.30891798184050656,"53":-0.12704868262018032,"54":-0.6011206445309976,"55":0.3427438523548556,"56":-0.41590972204890664,"57":0.17734764670316674,"58":-0.9978573519144442,"59":0.7313626639998111,"60":-0.7471291604016052,"61":0.4637158254805591,"62":-0.9884533819285775,"63":0.7285909640792585,"64":0.7855957764330965,"65":-0.5150871273920706,"66":-0.02961518748213103,"67":-0.6698046294747471,"68":-0.4618801661050382,"69":0.23635438506835513,"70":-0.5338307700282542,"71":0.2819400496540168,"72":-2.521925686948492,"73":2.0021991363352893,"74":-2.099178838462869,"75":1.699204321561906,"76":0.8757955426346304,"77":-0.6284107656050512,"78":0.3711919667134208,"79":-0.12608326885739257,"80":1.0242949805269215,"81":-0.7031253618347018,"82":-0.28798399631841726,"83":0.12565276488746904,"84":0.8224276669081768,"85":-0.5821446233598245,"86":0.730058251191718,"87":-0.5114591891416531,"88":0.7995977114464068,"89":-0.564368704117745,"90":0.8130014712960905,"91":-0.5953907619858537,"92":-0.9735212015615093,"93":0.6626206868429396,"94":-1.0366888207284495,"95":0.7356060087607821,"96":-1.3488791981288935,"97":1.041957444347494,"98":-0.8122273505703886,"99":0.5406011748295432,"100":0.7068983392621819,"101":-0.4416779145460985,"102":-0.4003024712994705,"103":0.19219084917973103,"104":-0.37542154191579585,"105":0.20760945812309106,"106":1.1644716884405055,"107":-0.8753905002950091,"108":0.7972038234201461,"109":-0.5231912380714118,"110":0.6216739612964599,"111":-0.40366018837127426,"112":-0.9643779814896363,"113":0.7019787163494521,"114":-0.9234705254686126,"115":0.6125083838132769,"116":0.2680623005746342,"117":-0.08288738863143978,"118":1.0926587078324654,"119":-0.7595934152460813,"120":0.08734581979640972,"121":-1.1163108528601147,"122":-0.8967838142029876,"123":0.668021391844382,"124":0.8799497352565516,"125":-0.6444464060627751,"126":0.934437417803329,"127":-0.6598461805137728,"128":-0.9885807082014163,"129":0.7226966571146566,"130":0.8043461028889947,"131":-0.52246085285188,"132":-0.8851807577633817,"133":0.6342871705516914,"134":-0.48545223579024277,"135":0.24593056660137116,"136":0.6632216764273692,"137":-0.44949652057086653,"138":0.847111477296057,"139":-0.6071544312198895,"140":-0.3824417425867659,"141":0.18835280852943137,"142":1.4821327794481103,"143":-1.097778459489924,"144":0.842879404714131,"145":-0.5437817845243113,"146":0.3445885409290197,"147":-0.12133025273088854,"148":1.0048953961573999,"149":-0.7389180800533567,"150":-0.8889052091433776,"151":0.6431065661011466,"152":-1.1891137907609863,"153":0.8936487258928905,"154":-2.143923263663479,"155":1.7034064530727302,"156":-1.5277002528838854,"157":1.2116897027790468,"158":-1.3985239697445524,"159":1.039339354672856,"160":0.7694683602036536,"161":-0.543062715549996,"162":-0.3207317900204909,"163":0.12731500935852338,"164":-0.6121209219397552,"165":0.46594868711049287,"166":0.7658149166907521,"167":-0.4832495352782254,"168":1.16748530622604,"169":-0.8816730596030986,"170":-0.8226605207540302,"171":0.582723104028251,"172":2.180551963807934,"173":-1.709774850919218,"174":-0.9470930171215144,"175":0.6557633124248252,"176":0.8567193784127423,"177":-0.6133532615648694,"178":-0.7264195465485533,"179":0.5267555138990674,"180":-1.022969801474229,"181":0.7562216945099024,"182":0.843539872658659,"183":-0.6029568734685691,"184":0.3762242195306292,"185":-0.13537058775686014,"186":1.2330438466873501,"187":-0.9362329090460044,"188":-0.415446757715514,"189":0.18992948766528395,"190":0.8928636660748148,"191":-0.6567046853644329,"192":0.7559863454235641,"193":-0.5264079021130015,"194":0.2697733810134778,"195":-0.12762899980785006,"196":-0.7972529575511078,"197":0.5664307046570213,"198":1.9885032705393102,"199":-1.5789333014071312}},"b1":{"n":100,"d":1,"w":{"0":0.05382154621130466,"1":0.02697693615659217,"2":-0.024772239883103404,"3":-0.015539803412467138,"4":0.01090043689901945,"5":-0.02750573088565909,"6":-0.03424409831012693,"7":0.029046455148248523,"8":0.01925306991237558,"9":0.08732849891543451,"10":0.021620914605659226,"11":-0.04888419778242052,"12":0.028795618400991138,"13":-0.022939343210355477,"14":-0.008058918735565882,"15":-0.02068203460939037,"16":0.03886821923971765,"17":-0.02870698798875718,"18":0.03910506158935402,"19":0.019574050696554702,"20":-0.02538137963097739,"21":0.027156752816169426,"22":0.02270353713080726,"23":0.025823923903971306,"24":-0.005377407433613239,"25":0.014309537917519623,"26":0.0092965341106165,"27":-0.017987552703161987,"28":-0.012806190958626909,"29":-0.03004116469599781,"30":-0.022131904670887364,"31":-0.030263889120693083,"32":0.024291451554796315,"33":-0.0005274678602648842,"34":-0.0141423210287536,"35":-0.016213535623313898,"36":-0.07715529267315753,"37":-0.06391377433337561,"38":0.026594638806486198,"39":0.011595334291810576,"40":0.03149377689480911,"41":-0.008572195474988404,"42":0.025425631714001824,"43":0.02215926176579269,"44":0.02476226610516513,"45":0.024671786329737884,"46":-0.029491996859640265,"47":-0.03148294422267529,"48":-0.04106281799561849,"49":-0.023576793136382865,"50":0.02118936572584651,"51":-0.01195205106452103,"52":-0.012101948725996835,"53":0.035526602151032025,"54":0.024545808430048548,"55":0.01871369018179502,"56":-0.029064712133443634,"57":-0.027888903985354697,"58":0.008196956467945915,"59":0.032907707085175875,"60":0.002579231694952808,"61":-0.027060463260686642,"62":0.026557496445313074,"63":0.028351110881483583,"64":-0.029629386820183345,"65":0.024303481611028868,"66":-0.026471433302675308,"67":-0.01554113077780965,"68":0.02033822673196866,"69":0.025450056111450407,"70":-0.011972416914327922,"71":0.04505357709572033,"72":0.025317442894440215,"73":0.010739828881229188,"74":0.0303784086977341,"75":-0.02707728060206731,"76":-0.03584341158071692,"77":-0.06520988131443374,"78":-0.04656444588795441,"79":-0.042467155068592555,"80":0.023166587178074734,"81":-0.010328636802244192,"82":-0.018526440621756218,"83":0.023353007095933416,"84":0.03532575728832253,"85":-0.024368620795798303,"86":0.06648195486072196,"87":-0.027971546534261715,"88":0.025757977378490622,"89":-0.022588941637681038,"90":-0.03145752420310643,"91":0.025541605828333553,"92":0.011513839415291723,"93":0.036970401145845315,"94":-0.012605990856484728,"95":0.02741584319128947,"96":0.022882307998870345,"97":0.00842896885010921,"98":-0.02401498773499679,"99":0.06021900243397062}},"W2":{"n":3,"d":100,"w":{"0":0.09487928979887164,"1":0.3355089143482673,"2":-0.0812638213970898,"3":-0.5256635361089573,"4":-0.5556314085481892,"5":0.40394423036231436,"6":0.5571349948395765,"7":-0.17780244709483806,"8":-0.11364117036506631,"9":0.11586744483910427,"10":-0.2872104308251436,"11":0.6100759770287104,